# profile|id|version|filename|sha256|url|redistribution
postgresql|postgresql|42.7.5|postgresql-42.7.5.jar|69020b3bd20984543e817393f2e6c01a890ef2e37a77dd11d6d8508181d079ab|https://repo.maven.apache.org/maven2/org/postgresql/postgresql/42.7.5/postgresql-42.7.5.jar|upstream-license-review
postgresql|mysql|8.4.0|mysql-connector-j-8.4.0.jar|d77962877d010777cff997015da90ee689f0f4bb76848340e1488f2b83332af5|https://repo.maven.apache.org/maven2/com/mysql/mysql-connector-j/8.4.0/mysql-connector-j-8.4.0.jar|vendor-license-review
standard|postgresql|42.7.5|postgresql-42.7.5.jar|69020b3bd20984543e817393f2e6c01a890ef2e37a77dd11d6d8508181d079ab|https://repo.maven.apache.org/maven2/org/postgresql/postgresql/42.7.5/postgresql-42.7.5.jar|upstream-license-review
standard|mysql|8.4.0|mysql-connector-j-8.4.0.jar|d77962877d010777cff997015da90ee689f0f4bb76848340e1488f2b83332af5|https://repo.maven.apache.org/maven2/com/mysql/mysql-connector-j/8.4.0/mysql-connector-j-8.4.0.jar|vendor-license-review
standard|sqlserver|12.8.1.jre11|mssql-jdbc-12.8.1.jre11.jar|e6933c0711e598a224060e52ed31392f720a4a7664e85d8ae37c52a85b67ebb0|https://repo.maven.apache.org/maven2/com/microsoft/sqlserver/mssql-jdbc/12.8.1.jre11/mssql-jdbc-12.8.1.jre11.jar|vendor-license-review
oracle-enabled|postgresql|42.7.5|postgresql-42.7.5.jar|69020b3bd20984543e817393f2e6c01a890ef2e37a77dd11d6d8508181d079ab|https://repo.maven.apache.org/maven2/org/postgresql/postgresql/42.7.5/postgresql-42.7.5.jar|upstream-license-review
oracle-enabled|mysql|8.4.0|mysql-connector-j-8.4.0.jar|d77962877d010777cff997015da90ee689f0f4bb76848340e1488f2b83332af5|https://repo.maven.apache.org/maven2/com/mysql/mysql-connector-j/8.4.0/mysql-connector-j-8.4.0.jar|vendor-license-review
oracle-enabled|sqlserver|12.8.1.jre11|mssql-jdbc-12.8.1.jre11.jar|e6933c0711e598a224060e52ed31392f720a4a7664e85d8ae37c52a85b67ebb0|https://repo.maven.apache.org/maven2/com/microsoft/sqlserver/mssql-jdbc/12.8.1.jre11/mssql-jdbc-12.8.1.jre11.jar|vendor-license-review
oracle-enabled|oracle|23.5.0.24.07|ojdbc11-23.5.0.24.07.jar|2cc69b821da842c5f5be8877444631cf9fa89561f1f6f5ad7bf1293eb669fc27|https://repo.maven.apache.org/maven2/com/oracle/database/jdbc/ojdbc11/23.5.0.24.07/ojdbc11-23.5.0.24.07.jar|customer-supplied-license-review
